,user_input,reference_contexts,reference,synthesizer_name
0,"As a Hydraulic Systems Engineer focused on component reliability and performance, can you explain the typical applications and key performance parameters of gear oil pumps specifically within the context of the automotive industry?","['\n**摘要**: 齿轮油泵作为液压与润滑系统中不可或缺的核心部件，凭借其结构简单、成本效益高和工作可靠等优点，在现代工业中扮演着至关重要的角色。本文系统地阐述了齿轮油泵的结构组成与工作原理，深入分析了影响其性能的关键参数，并梳理了其在工程机械、汽车工业、航空航天及工业自动化等领域的典型应用。此外，文章还探讨了齿轮油泵常见的故障模式、诊断方法与维护策略。最后，本文着眼于未来，展望了电动液压集成、智能化控制以及新材料应用等前沿技术将为齿轮油泵带来的发展机遇与挑战。\n\n**关键词**: 齿轮油泵, 液压技术, 润滑系统, 性能参数, 故障诊断, 智能液压\n\n### ']","Gear oil pumps are a core component in hydraulic and lubrication systems, valued for their simple structure, high cost-effectiveness, and reliable operation. The article systematically elaborates on the structural composition and working principle of gear oil pumps, deeply analyzes the key parameters affecting their performance, and summarizes their typical applications in fields including the automotive industry.",single_hop_specific_query_synthesizer
1,"As a Hydraulic Systems Engineer, how would you describe the role and significance of 液压技术 (hydraulic technology) in modern industrial systems?",['一、引言\n\n在现代工业技术，特别是流体传动与控制领域，液压技术扮演着举足轻重的角色。它以液体为工作介质，实现能量的传递、转换和控制，广泛应用于从重型工程机械到精密制造设备的各类系统中。齿轮油泵作为最常见、应用最广泛的泵类设备之一，以其结构紧凑、坚固耐用、对油液污染不敏感及价格低廉等显著优势，在各类液压系统和润滑系统中占据了核心地位。无论是工程机械的动力转向系统，还是内燃机的强制润滑系统，亦或是自动化生产线上的流体输送单元，都离不开齿轮油泵稳定可靠的运行。\n\n齿轮油泵的重要性不仅体现在其广泛的应用上，更在于其性能直接决定了整个系统的效率、稳定性和寿命。一个设计精良、运行高效的齿轮油泵，能够确保系统在预设的压力和流量下平稳工作，反之，则可能导致系统响应迟缓、能耗增加甚至发生严重故障。因此，深入理解齿轮油泵的工作原理、性能特点、应用场景及其维护方法，对于设备的设计者、使用者和维护者都具有重要的理论与实践意义。本文旨在全面介绍齿轮油泵的基础知识，系统分析其结构原理、性能参数、应用领域、常见故障与维护，并探讨其未来的发展趋势，为相关领域的工程技术人员提供一份系统性的参考。\n\n### '],"液压技术 (hydraulic technology) plays a pivotal role in modern industrial technology, particularly in the field of fluid transmission and control. It uses liquid as the working medium to achieve the transmission, conversion, and control of energy and is widely applied in various systems, from heavy engineering machinery to precision manufacturing equipment.",single_hop_specific_query_synthesizer
2,What is the 轴承 used for in a gear oil pump?,['二、齿轮油泵的结构组成与工作原理 齿轮油泵的核心功能是通过一对或多对啮合齿轮的旋转，实现对流体介质的吸入和压出。其设计的精妙之处在于，利用简单的机械运动就能产生强大的液压动力。 #### 2.1 基本组成 一个典型的齿轮油泵主要由以下几个部分构成： - **主动齿轮与从动齿轮**: 这是泵的核心部件。主动齿轮通常与动力源（如电机、发动机）的输出轴相连，通过自身的旋转带动从动齿轮反向旋转。 - **泵体与泵盖**: 泵体和前后泵盖共同构成一个密封的腔体，将齿轮包裹其中。泵体上精密加工的内腔轮廓与齿轮顶端形成极小的径向间隙，以减少内部泄漏。 - **进油口与出油口**: 它们分别位于泵体的两侧。进油口连接油箱，用于吸入油液；出油口连接系统管路，用于排出高压油液。进油口通常比出油口尺寸大，以降低吸油阻力。 - **轴承与密封件**: 轴承用于支撑齿轮轴，确保其平稳旋转；密封件则用于防止泵内外之间的油液泄漏以及空气侵入。 #### 2.2 工作过程 齿轮油泵的工作是一个连续的循环过程，可分为三个阶段： 1. **吸油阶段**: 当主动齿轮在动力源驱动下开始旋转时，位于进油腔一侧的轮齿逐渐脱开啮合。随着轮齿脱开，它们之间形成的密封容积不断增大，产生局部真空。在大气压或油箱内液压的作用下，油液通过进油口被吸入这个增大的空间，填充齿间槽。 2. **输送（困油）阶段**: 吸满油液的齿间槽随着齿轮的旋转，被带向出油腔一侧。在这个过程中，每个齿间槽内的油液被泵体和齿轮侧壁所封闭，形成一个个独立的“困油区”，油液无法回流至进油腔。 3. **排油阶段**: 当带有油液的轮齿旋转至出油腔一侧时，与另一齿轮的轮齿开始进入啮合。随着啮合的进行，齿间槽的容积逐渐减小，其中的油液受到挤压，压力迅速升高，最终通过出油口被强行排出，输送到液压系统中。'],"轴承 is used to support the gear shaft, ensuring its smooth rotation.",single_hop_specific_query_synthesizer
3,What is volumetric efficiency in a gear oil pump?,['三、齿轮油泵的主要性能参数 评价一个齿轮油泵性能优劣，需要考察一系列关键的技术参数。这些参数共同决定了泵能否满足特定系统的工作要求。 - **排量 (Displacement)**: 指齿轮每旋转一周所能排出的油液体积，单位通常是毫升/转 (mL/r)。它是一个由泵的几何尺寸决定的理论值，主要取决于齿轮的模数、齿数和齿宽。 - **压力 (Pressure)**: 指泵在出口处能够建立的最高压力，单位是兆帕 (MPa)。额定压力是指泵在连续工作条件下所允许的最高工作压力，而峰值压力则是指在短时间内允许的极限压力。泵的实际工作压力由外部负载决定，但不能超过其额定压力。 - **转速 (Rotational Speed)**: 指泵轴的旋转速度，单位是转/分钟 (r/min)。泵的转速受到多种因素限制，如机械强度、轴承寿命以及吸油能力。过高的转速可能导致吸空现象，降低效率并产生噪声。 - **流量 (Flow Rate)**: 指单位时间内泵排出的油液体积，单位是升/分钟 (L/min)。理论流量等于排量与转速的乘积。实际流量则会因为内部泄漏而小于理论流量。 - **效率 (Efficiency)**: - **容积效率 (Volumetric Efficiency)**: 实际流量与理论流量的比值。它衡量了泵内部泄漏的严重程度。泄漏主要发生在齿轮顶端与泵体内壁之间、齿轮端面与泵盖之间以及齿轮啮合处。压力越高，油液粘度越低，泄漏越严重，容积效率越低。 - **机械效率 (Mechanical Efficiency)**: 理论扭矩与实际输入扭矩的比值。它反映了泵在克服内部摩擦（如轴承摩擦、齿轮啮合摩擦、油液粘性摩擦）时所消耗的能量。 - **总效率 (Overall Efficiency)**: 容积效率与机械效率的乘积，代表泵的输出液压功率与输入机械功率之比，是衡量泵能量转换效率的综合指标。 **影响性能的关键因素**: - **漏损**: 内部泄漏是影响容积效率的主要原因。通过优化齿轮的径向和轴向间隙补偿设计，可以有效减少泄漏，提高效率。'],"Volumetric efficiency is the ratio of the actual flow rate to the theoretical flow rate. It measures the severity of internal leakage within the pump. Leakage primarily occurs between the gear tip and the pump casing, between the gear end face and the pump cover, and at the gear meshing point. The higher the pressure and the lower the oil viscosity, the more severe the leakage and the lower the volumetric efficiency.",single_hop_specific_query_synthesizer
4,"As a Hydraulic Systems Engineer, what are the advantages of using 铝合金 in the construction of gear pump bodies?",['这一吸油、输送、排油的过程随着齿轮的不断旋转而周而复始，从而形成连续的油液流动。 #### 2.3 齿轮类型 根据齿轮啮合方式的不同，齿轮油泵主要分为两大类： - **外啮合齿轮泵**: 这是最常见的一种形式。它由两个规格相同的渐开线齿轮在泵体内相互啮合转动。其优点是结构简单、制造方便、成本低、应用范围广。缺点是流量脉动较大，噪声相对较高。 - **内啮合齿轮泵**: 它由一个内齿圈和一个偏心安装在其中的小齿轮组成，小齿轮旋转时带动内齿圈同向旋转，但两者之间存在转速差。在内外齿轮之间通常有一个月牙形的隔板，用于分隔吸油腔和排油腔。内啮合泵的结构相对复杂，但其流量脉动小、运转平稳、噪声低、体积也更紧凑，常用于对噪声和振动有较高要求的场合。 ### - **噪声与流量脉动**: 齿轮泵在排油过程中，流量不是绝对均匀的，存在一定的脉动，这是产生压力波动和噪声的主要根源。采用斜齿轮或人字齿轮可以改善流量的均匀性，但会增加制造成本。 - **材料选择**: 泵体和齿轮的材料对其耐磨性、耐压性和热稳定性至关重要。通常采用高强度铸铁或铝合金制造泵体，齿轮则采用经过热处理的优质合金钢，以保证在高压、高速工况下的强度和耐磨性。 ###'],"铝合金 is used to manufacture pump bodies because it contributes to the pump's wear resistance, pressure resistance, and thermal stability, which are crucial for performance under high-pressure and high-speed operating conditions.",single_hop_specific_query_synthesizer
5,"How are gear oil pumps utilized in the aerospace industry, and what are the key performance parameters and reliability requirements for these applications?","['<1-hop>\n\n四、齿轮油泵的典型应用领域\n\n齿轮油泵凭借其卓越的可靠性和性价比，在国民经济的多个领域中发挥着关键作用。\n\n#### 4.1 工程机械\n\n在挖掘机、装载机、起重机、推土机等重型工程机械中，液压系统是其核心动力系统。齿轮油泵在其中承担着多种任务，如为先导控制系统提供压力油、为液压马达和油缸提供动力、以及为散热系统提供循环动力。这些工况通常要求泵能够承受高压、抵抗强烈的振动和冲击，并适应恶劣的工作环境。\n\n#### 4.2 汽车工业\n\n在汽车领域，齿轮油泵同样无处不在。最典型的应用是发动机润滑系统，它将机油从油底壳泵送至发动机的各个运动部件，形成润滑油膜，减少磨损并带走热量。此外，在液压助力转向系统（HPS）、自动变速箱的液压控制单元以及一些商用车的液压举升系统中，齿轮油泵都是核心的动力元件。\n\n#### 4.3 航空航天\n\n在航空航天领域，对设备的可靠性要求极为严苛。齿轮油泵因其结构简单、故障率低的特点，常被用于飞机的辅助动力单元（APU）、液压作动系统以及燃油输送系统中。这些应用场景通常伴随着高温、高压和高速的极端工况，对泵的设计和制造提出了极高的要求。\n\n#### 4.4 工业自动化设备\n\n在现代化的工厂中，各种液压机床、注塑机、工业机器人以及自动化生产线都依赖液压系统进行精确控制。齿轮油泵作为液压控制单元的动力源，为这些设备提供稳定、可靠的液压动力，确保生产过程的高效与精确。\n\n### ', '<2-hop>\n\n\n**摘要**: 齿轮油泵作为液压与润滑系统中不可或缺的核心部件，凭借其结构简单、成本效益高和工作可靠等优点，在现代工业中扮演着至关重要的角色。本文系统地阐述了齿轮油泵的结构组成与工作原理，深入分析了影响其性能的关键参数，并梳理了其在工程机械、汽车工业、航空航天及工业自动化等领域的典型应用。此外，文章还探讨了齿轮油泵常见的故障模式、诊断方法与维护策略。最后，本文着眼于未来，展望了电动液压集成、智能化控制以及新材料应用等前沿技术将为齿轮油泵带来的发展机遇与挑战。\n\n**关键词**: 齿轮油泵, 液压技术, 润滑系统, 性能参数, 故障诊断, 智能液压\n\n### ']","In the aerospace industry, gear oil pumps are used in aircraft auxiliary power units (APU), hydraulic actuation systems, and fuel delivery systems due to their simple structure and low failure rate. These applications operate under extreme conditions of high temperature, high pressure, and high speed, demanding extremely high requirements for the pump's design and manufacturing to ensure reliability. The key performance parameters and reliability requirements are critical for these systems, as outlined in the analysis of gear oil pump performance parameters and their role in hydraulic and lubrication systems.",multi_hop_specific_query_synthesizer
6,What are the specific applications of gear oil pumps in the automotive industry and what is their overall role in hydraulic and lubrication systems?,"['<1-hop>\n\n四、齿轮油泵的典型应用领域\n\n齿轮油泵凭借其卓越的可靠性和性价比，在国民经济的多个领域中发挥着关键作用。\n\n#### 4.1 工程机械\n\n在挖掘机、装载机、起重机、推土机等重型工程机械中，液压系统是其核心动力系统。齿轮油泵在其中承担着多种任务，如为先导控制系统提供压力油、为液压马达和油缸提供动力、以及为散热系统提供循环动力。这些工况通常要求泵能够承受高压、抵抗强烈的振动和冲击，并适应恶劣的工作环境。\n\n#### 4.2 汽车工业\n\n在汽车领域，齿轮油泵同样无处不在。最典型的应用是发动机润滑系统，它将机油从油底壳泵送至发动机的各个运动部件，形成润滑油膜，减少磨损并带走热量。此外，在液压助力转向系统（HPS）、自动变速箱的液压控制单元以及一些商用车的液压举升系统中，齿轮油泵都是核心的动力元件。\n\n#### 4.3 航空航天\n\n在航空航天领域，对设备的可靠性要求极为严苛。齿轮油泵因其结构简单、故障率低的特点，常被用于飞机的辅助动力单元（APU）、液压作动系统以及燃油输送系统中。这些应用场景通常伴随着高温、高压和高速的极端工况，对泵的设计和制造提出了极高的要求。\n\n#### 4.4 工业自动化设备\n\n在现代化的工厂中，各种液压机床、注塑机、工业机器人以及自动化生产线都依赖液压系统进行精确控制。齿轮油泵作为液压控制单元的动力源，为这些设备提供稳定、可靠的液压动力，确保生产过程的高效与精确。\n\n### ', '<2-hop>\n\n\n**摘要**: 齿轮油泵作为液压与润滑系统中不可或缺的核心部件，凭借其结构简单、成本效益高和工作可靠等优点，在现代工业中扮演着至关重要的角色。本文系统地阐述了齿轮油泵的结构组成与工作原理，深入分析了影响其性能的关键参数，并梳理了其在工程机械、汽车工业、航空航天及工业自动化等领域的典型应用。此外，文章还探讨了齿轮油泵常见的故障模式、诊断方法与维护策略。最后，本文着眼于未来，展望了电动液压集成、智能化控制以及新材料应用等前沿技术将为齿轮油泵带来的发展机遇与挑战。\n\n**关键词**: 齿轮油泵, 液压技术, 润滑系统, 性能参数, 故障诊断, 智能液压\n\n### ']","In the automotive industry, gear oil pumps are used in engine lubrication systems to pump oil from the oil pan to various moving parts, forming a lubricating film to reduce wear and dissipate heat. They are also core power components in hydraulic power steering systems (HPS), hydraulic control units of automatic transmissions, and hydraulic lifting systems in some commercial vehicles. Overall, gear oil pumps serve as indispensable core components in hydraulic and lubrication systems, valued for their simple structure, high cost-effectiveness, and reliable operation.",multi_hop_specific_query_synthesizer
7,"How does wear on the pump body of a gear oil pump affect its performance, and what maintenance method is used to detect this performance degradation?","['<1-hop>\n\n二、齿轮油泵的结构组成与工作原理 齿轮油泵的核心功能是通过一对或多对啮合齿轮的旋转，实现对流体介质的吸入和压出。其设计的精妙之处在于，利用简单的机械运动就能产生强大的液压动力。 #### 2.1 基本组成 一个典型的齿轮油泵主要由以下几个部分构成： - **主动齿轮与从动齿轮**: 这是泵的核心部件。主动齿轮通常与动力源（如电机、发动机）的输出轴相连，通过自身的旋转带动从动齿轮反向旋转。 - **泵体与泵盖**: 泵体和前后泵盖共同构成一个密封的腔体，将齿轮包裹其中。泵体上精密加工的内腔轮廓与齿轮顶端形成极小的径向间隙，以减少内部泄漏。 - **进油口与出油口**: 它们分别位于泵体的两侧。进油口连接油箱，用于吸入油液；出油口连接系统管路，用于排出高压油液。进油口通常比出油口尺寸大，以降低吸油阻力。 - **轴承与密封件**: 轴承用于支撑齿轮轴，确保其平稳旋转；密封件则用于防止泵内外之间的油液泄漏以及空气侵入。 #### 2.2 工作过程 齿轮油泵的工作是一个连续的循环过程，可分为三个阶段： 1. **吸油阶段**: 当主动齿轮在动力源驱动下开始旋转时，位于进油腔一侧的轮齿逐渐脱开啮合。随着轮齿脱开，它们之间形成的密封容积不断增大，产生局部真空。在大气压或油箱内液压的作用下，油液通过进油口被吸入这个增大的空间，填充齿间槽。 2. **输送（困油）阶段**: 吸满油液的齿间槽随着齿轮的旋转，被带向出油腔一侧。在这个过程中，每个齿间槽内的油液被泵体和齿轮侧壁所封闭，形成一个个独立的“困油区”，油液无法回流至进油腔。 3. **排油阶段**: 当带有油液的轮齿旋转至出油腔一侧时，与另一齿轮的轮齿开始进入啮合。随着啮合的进行，齿间槽的容积逐渐减小，其中的油液受到挤压，压力迅速升高，最终通过出油口被强行排出，输送到液压系统中。', '<2-hop>\n\n五、常见故障与维护方法 尽管齿轮油泵以坚固耐用著称，但在长期运行后，仍可能出现各种故障。及时的诊断与维护是保证其长寿命运行的关键。 **常见故障**: - **泵体与齿轮磨损**: 这是最常见的故障。长期运行导致的磨损会增大内部间隙，加剧泄漏，导致泵的压力和流量下降，效率降低。 - **齿轮断裂**: 通常由过载、冲击压力或材料疲劳引起，会导致泵完全失效。 - **密封失效**: 轴封等密封件的老化或损坏会导致外部漏油，不仅污染环境，还可能因油量不足而损坏泵和系统。 - **吸空现象 (Cavitation)**: 如果进油管路堵塞、油液粘度过高或油箱液位过低，会导致泵吸入的油液中混入大量气泡。这些气泡在高压区破裂时会产生巨大的冲击力，导致零件表面剥蚀，产生异常噪声，并严重损坏泵。 **检测与诊断方法**: - **流量与压力监测**: 定期检测泵的输出流量和压力，并与标准值进行对比，是判断其性能是否下降的最直接方法。 - **噪声与振动分析**: 经验丰富的技术人员可以通过听诊或使用专业的振动分析仪来判断泵是否存在轴承磨损、齿轮啮合不良或气穴现象。异常的噪声和振动往往是故障的早期信号。 - **油液分析**: 定期检测液压油的清洁度、粘度和化学成分，可以发现系统中是否存在异常磨损（金属颗粒增多）或油液老化问题。 **日常维护保养措施**:']","Wear on the pump body of a gear oil pump increases internal clearances, which exacerbates leakage and leads to a decrease in the pump's pressure and flow, thereby reducing its efficiency. The maintenance method used to detect this performance degradation is the regular monitoring of the pump's output flow and pressure and comparing these values against standard benchmarks.",multi_hop_specific_query_synthesizer
8,"As a Hydraulic Systems Engineer, I need to understand the long-term operational risks associated with the pump body in a gear oil pump. Specifically, how does wear on the pump body, which is a core component that houses the gears and forms the sealed chamber, lead to a decline in pump performance and efficiency, and what are the primary methods for detecting and diagnosing this type of wear?","['<1-hop>\n\n二、齿轮油泵的结构组成与工作原理 齿轮油泵的核心功能是通过一对或多对啮合齿轮的旋转，实现对流体介质的吸入和压出。其设计的精妙之处在于，利用简单的机械运动就能产生强大的液压动力。 #### 2.1 基本组成 一个典型的齿轮油泵主要由以下几个部分构成： - **主动齿轮与从动齿轮**: 这是泵的核心部件。主动齿轮通常与动力源（如电机、发动机）的输出轴相连，通过自身的旋转带动从动齿轮反向旋转。 - **泵体与泵盖**: 泵体和前后泵盖共同构成一个密封的腔体，将齿轮包裹其中。泵体上精密加工的内腔轮廓与齿轮顶端形成极小的径向间隙，以减少内部泄漏。 - **进油口与出油口**: 它们分别位于泵体的两侧。进油口连接油箱，用于吸入油液；出油口连接系统管路，用于排出高压油液。进油口通常比出油口尺寸大，以降低吸油阻力。 - **轴承与密封件**: 轴承用于支撑齿轮轴，确保其平稳旋转；密封件则用于防止泵内外之间的油液泄漏以及空气侵入。 #### 2.2 工作过程 齿轮油泵的工作是一个连续的循环过程，可分为三个阶段： 1. **吸油阶段**: 当主动齿轮在动力源驱动下开始旋转时，位于进油腔一侧的轮齿逐渐脱开啮合。随着轮齿脱开，它们之间形成的密封容积不断增大，产生局部真空。在大气压或油箱内液压的作用下，油液通过进油口被吸入这个增大的空间，填充齿间槽。 2. **输送（困油）阶段**: 吸满油液的齿间槽随着齿轮的旋转，被带向出油腔一侧。在这个过程中，每个齿间槽内的油液被泵体和齿轮侧壁所封闭，形成一个个独立的“困油区”，油液无法回流至进油腔。 3. **排油阶段**: 当带有油液的轮齿旋转至出油腔一侧时，与另一齿轮的轮齿开始进入啮合。随着啮合的进行，齿间槽的容积逐渐减小，其中的油液受到挤压，压力迅速升高，最终通过出油口被强行排出，输送到液压系统中。', '<2-hop>\n\n五、常见故障与维护方法 尽管齿轮油泵以坚固耐用著称，但在长期运行后，仍可能出现各种故障。及时的诊断与维护是保证其长寿命运行的关键。 **常见故障**: - **泵体与齿轮磨损**: 这是最常见的故障。长期运行导致的磨损会增大内部间隙，加剧泄漏，导致泵的压力和流量下降，效率降低。 - **齿轮断裂**: 通常由过载、冲击压力或材料疲劳引起，会导致泵完全失效。 - **密封失效**: 轴封等密封件的老化或损坏会导致外部漏油，不仅污染环境，还可能因油量不足而损坏泵和系统。 - **吸空现象 (Cavitation)**: 如果进油管路堵塞、油液粘度过高或油箱液位过低，会导致泵吸入的油液中混入大量气泡。这些气泡在高压区破裂时会产生巨大的冲击力，导致零件表面剥蚀，产生异常噪声，并严重损坏泵。 **检测与诊断方法**: - **流量与压力监测**: 定期检测泵的输出流量和压力，并与标准值进行对比，是判断其性能是否下降的最直接方法。 - **噪声与振动分析**: 经验丰富的技术人员可以通过听诊或使用专业的振动分析仪来判断泵是否存在轴承磨损、齿轮啮合不良或气穴现象。异常的噪声和振动往往是故障的早期信号。 - **油液分析**: 定期检测液压油的清洁度、粘度和化学成分，可以发现系统中是否存在异常磨损（金属颗粒增多）或油液老化问题。 **日常维护保养措施**:']","The pump body, a core component that forms a sealed chamber housing the gears, is subject to wear during long-term operation. This wear increases the internal radial clearance, which in turn exacerbates internal leakage. The increased leakage directly leads to a decline in the pump's output pressure and flow, resulting in reduced efficiency. The primary methods for detecting and diagnosing this wear on the pump body include: 1. Monitoring flow and pressure by regularly checking the pump's output flow and pressure and comparing them to standard values, which is the most direct method to judge performance decline. 2. Performing oil analysis by regularly testing the hydraulic oil's cleanliness, viscosity, and chemical composition, which can reveal abnormal wear indicated by an increase in metal particles within the system.",multi_hop_specific_query_synthesizer
9,"As a Hydraulic Systems Engineer, I'm designing a new lubrication system for an automated production line. Can you explain how the development trends in gear oil pump technology, specifically regarding the use of new materials and the push for higher pressure and smaller size, are relevant to the performance and application of these pumps in 自动化设备 (automated equipment)?",['<1-hop>\n\n为了满足设备轻量化和紧凑化的需求，齿轮油泵正向着更高压力、更小体积的方向发展。通过采用新材料、优化齿形设计和改进间隙补偿技术，新型齿轮泵的工作压力不断提升。同时，多级泵技术（将多个泵串联）也为实现超高压输出提供了可行的解决方案。 - **新材料的应用**: 碳纤维复合材料、特种工程塑料和陶瓷等新材料开始被尝试用于制造泵壳或齿轮。这些材料具有轻质、高强、耐腐蚀等优点，有望进一步提升泵的性能，并拓宽其在特殊介质输送领域的应用。 ### 七、总结与展望 齿轮油泵作为流体动力领域的基础元件，其技术虽然成熟，但其重要性却与日俱增。从宏伟的工程机械到精密的自动化设备，它都是不可或缺的动力核心。本文系统地回顾了齿轮油泵的结构原理、性能参数、应用领域及维护策略，勾勒出其完整的技术图景。其结构简单、工作可靠、成本效益高等优点，使其在可预见的未来仍将保持强大的生命力。 然而，我们也应看到，传统齿轮油泵在效率、噪声、流量脉动等方面仍存在提升空间。面对全球对节能减排和智能化制造日益增长的需求，齿轮油泵的技术革新势在必行。未来的研究方向应聚焦于以下几个方面：一是深入研究内部流动机理，通过CFD等仿真手段优化齿形和流道设计，从根本上降低能耗和噪声；二是加速智能传感技术与控制算法的融合，推动数字控制泵的商业化进程；三是积极探索新材料和新工艺的应用，突破传统材料的性能瓶颈，实现泵的高压化、轻量化和长寿命化。通过持续的技术创新，古老的齿轮油泵必将在新一轮的工业革命中焕发出新的活力。'],"Gear oil pumps are described as an indispensable power core in precise 自动化设备 (automated equipment). The development trends pushing for higher pressure and smaller size are driven by the need for equipment lightweight and compactness. To achieve this, new materials such as carbon fiber composites, specialty engineering plastics, and ceramics are being applied to manufacture pump housings or gears. These materials offer advantages like being lightweight, high-strength, and corrosion-resistant, which are expected to further enhance pump performance and broaden their application in special media transport, making them highly suitable for automated systems.",multi_hop_specific_query_synthesizer
10,"How are gear oil pumps utilized in industrial automation equipment, and what specific roles do they play in ensuring operational reliability?",['<1-hop>\n\n四、齿轮油泵的典型应用领域\n\n齿轮油泵凭借其卓越的可靠性和性价比，在国民经济的多个领域中发挥着关键作用。\n\n#### 4.1 工程机械\n\n在挖掘机、装载机、起重机、推土机等重型工程机械中，液压系统是其核心动力系统。齿轮油泵在其中承担着多种任务，如为先导控制系统提供压力油、为液压马达和油缸提供动力、以及为散热系统提供循环动力。这些工况通常要求泵能够承受高压、抵抗强烈的振动和冲击，并适应恶劣的工作环境。\n\n#### 4.2 汽车工业\n\n在汽车领域，齿轮油泵同样无处不在。最典型的应用是发动机润滑系统，它将机油从油底壳泵送至发动机的各个运动部件，形成润滑油膜，减少磨损并带走热量。此外，在液压助力转向系统（HPS）、自动变速箱的液压控制单元以及一些商用车的液压举升系统中，齿轮油泵都是核心的动力元件。\n\n#### 4.3 航空航天\n\n在航空航天领域，对设备的可靠性要求极为严苛。齿轮油泵因其结构简单、故障率低的特点，常被用于飞机的辅助动力单元（APU）、液压作动系统以及燃油输送系统中。这些应用场景通常伴随着高温、高压和高速的极端工况，对泵的设计和制造提出了极高的要求。\n\n#### 4.4 工业自动化设备\n\n在现代化的工厂中，各种液压机床、注塑机、工业机器人以及自动化生产线都依赖液压系统进行精确控制。齿轮油泵作为液压控制单元的动力源，为这些设备提供稳定、可靠的液压动力，确保生产过程的高效与精确。\n\n### '],"In industrial automation equipment, gear oil pumps are used as the power source for hydraulic control units. They provide stable and reliable hydraulic power to various equipment such as hydraulic machine tools, injection molding machines, industrial robots, and automated production lines, ensuring the efficiency and precision of the production process.",multi_hop_specific_query_synthesizer
